Xfiles,Science-Fiction,343320
MinorityReport,Science-Fiction,3709488
VolteFace,Science-Fiction,1650150
Abyss,Science-Fiction,1990271
StarWars3,Science-Fiction,7247809
MissionToMars,Science-Fiction,645666
TotalRecall,Science-Fiction,2360003
Alien,Science-Fiction,2809875
Shrek,Dessin animé,4210766
LesAristochats,Dessin animé,2035471
StarWars3,Science-Fiction,5713593
MortSurLeNil,Policier,254789
Super8,Science-Fiction,1506877
MatrixRevolutions,Science-Fiction,3535174
Lucy,Science-Fiction,5203226
Spectre,Espionnage,4982985
Avatar,Science-Fiction,14677888
StarWars7,Science-Fiction,10505479
MatrixReloaded,Science-Fiction,5701222
StarWars4,Science-Fiction,3810000
